0.000000,0,0.000000
0.000000,0,0.000000
<<<<<<< HEAD
0.026214,0,0.333333
0.026214,0,0.250000
0.078643,0,0.400000
0.117964,0,0.500000
0.117964,0,0.571429
0.530841,0,0.625000
0.530841,0,0.666667
0.550502,0,0.700000
0.550502,0,0.727273
0.602931,0,0.750000
0.648806,0,0.769231
0.648806,0,0.785714
0.910950,0,0.800000
0.910950,0,0.812500
0.930611,0,0.823529
0.930611,0,0.833333
0.983040,0,0.842105
1.028915,0,0.850000
1.028915,0,0.857143
1.330380,0,0.863636
1.330380,0,0.869565
1.343487,0,0.875000
1.343487,0,0.880000
1.395916,0,0.884615
1.441792,0,0.888889
1.441792,0,0.892857
1.723596,0,0.896552
1.723596,0,0.900000
1.736704,0,0.903226
1.736704,0,0.906250
1.769472,0,0.909091
1.769472,0,0.882353
1.769472,0,0.857143
1.802240,0,0.861111
1.808793,0,0.864865
1.808793,0,0.842105
1.808793,0,0.820513
1.841561,0,0.825000
1.841561,0,0.829268
1.887436,0,0.809524
1.939865,0,0.790698
1.939865,0,0.772727
1.946419,0,0.755556
1.946419,0,0.760870
1.946419,0,0.744681
1.946419,0,0.729167
1.946419,0,0.714286
1.946419,0,0.720000
1.946419,0,0.725490
1.946419,0,0.711538
1.946419,0,0.716981
2.070937,0,0.722222
2.116812,0,0.727273
2.116812,0,0.732143
2.116812,0,0.736842
2.175795,0,0.741379
2.175795,0,0.745763
2.215116,0,0.750000
2.221670,0,0.754098
2.221670,0,0.758065
2.234777,0,0.761905
2.234777,0,0.765625
2.234777,0,0.769231
2.267545,0,0.772727
2.267545,0,0.776119
2.319974,0,0.779412
2.326528,0,0.782609
2.333081,0,0.785714
2.346188,0,0.788732
2.346188,0,0.791667
2.346188,0,0.780822
2.346188,0,0.783784
2.365849,0,0.786667
2.365849,0,0.789474
2.398617,0,0.792208
2.398617,0,0.794872
2.778726,0,0.797468
2.778726,0,0.800000
2.804940,0,0.802469
2.804940,0,0.804878
2.844262,0,0.807229
2.883584,0,0.809524
2.883584,0,0.811765
3.224371,0,0.813953
3.224371,0,0.816092
3.224371,0,0.806818
3.244031,0,0.808989
3.244031,0,0.811111
3.289907,0,0.813187
3.329228,0,0.815217
3.329228,0,0.817204
3.565158,0,0.819149
3.781427,0,0.821053
3.781427,0,0.822917
3.801088,0,0.824742
3.807641,0,0.826531
3.853516,0,0.828283
3.866624,0,0.830000
3.892838,0,0.831683
3.892838,0,0.833333
4.141875,0,0.834951
4.141875,0,0.836538
4.181196,0,0.838095
4.187750,0,0.839623
4.233625,0,0.841121
4.272947,0,0.842593
4.272947,0,0.844037
4.731699,0,0.845455
4.744806,0,0.846847
4.744806,0,0.848214
4.757913,0,0.849558
4.764467,0,0.850877
4.764467,0,0.852174
4.810342,0,0.853448
4.849664,0,0.854701
4.849664,0,0.855932
5.052825,0,0.857143
5.151129,0,0.858333
5.151129,0,0.859504
5.170790,0,0.860656
5.177343,0,0.861789
5.223219,0,0.862903
5.262540,0,0.864000
5.262540,0,0.865079
5.380505,0,0.866142
5.603328,0,0.867188
5.603328,0,0.868217
5.622988,0,0.869231
5.622988,0,0.870229
5.668864,0,0.871212
5.714739,0,0.872180
5.714739,0,0.873134
5.714739,0,0.874074
5.839257,0,0.875000
5.839257,0,0.875912
5.839257,0,0.876812
5.878579,0,0.877698
5.878579,0,0.878571
5.878579,0,0.879433
5.970329,0,0.880282
6.009651,0,0.881119
6.009651,0,0.881944
6.009651,0,0.882759
6.009651,0,0.883562
6.009651,0,0.884354
6.009651,0,0.885135
6.009651,0,0.885906
6.016204,0,0.886667
6.016204,0,0.887417
6.016204,0,0.888158
6.022758,0,0.888889
6.042419,0,0.889610
6.042419,0,0.890323
6.062079,0,0.891026
6.062079,0,0.891720
6.114508,0,0.892405
6.121062,0,0.893082
6.166937,0,0.893750
6.166937,0,0.894410
6.186598,0,0.895062
6.186598,0,0.895706
6.186598,0,0.896341
6.245580,0,0.896970
6.245580,0,0.897590
6.271795,0,0.898204
6.278348,0,0.898810
6.278348,0,0.899408
6.278348,0,0.900000
6.284902,0,0.900585
6.291456,0,0.901163
6.291456,0,0.901734
6.291456,0,0.902299
6.356992,0,0.902857
6.356992,0,0.903409
6.363545,0,0.903955
6.363545,0,0.904494
6.383206,0,0.905028
6.383206,0,0.905556
6.402867,0,0.906077
6.402867,0,0.906593
6.409420,0,0.907104
6.409420,0,0.907609
6.409420,0,0.902703
6.455296,0,0.903226
6.455296,0,0.903743
6.455296,0,0.898936
6.527385,0,0.899471
6.527385,0,0.900000
6.566707,0,0.900524
6.566707,0,0.901042
6.586368,0,0.901554
6.606029,0,0.902062
6.651904,0,0.902564
6.651904,0,0.903061
6.658457,0,0.903553
6.658457,0,0.904040
6.658457,0,0.904523
6.658457,0,0.905000
6.658457,0,0.905473
6.658457,0,0.905941
6.658457,0,0.906404
6.658457,0,0.906863
6.658457,0,0.907317
6.737100,0,0.907767
6.737100,0,0.908213
6.782976,0,0.908654
6.822297,0,0.909091
6.822297,0,0.909524
6.822297,0,0.909953
6.887833,0,0.910377
6.887833,0,0.910798
6.920601,0,0.911215
6.920601,0,0.911628
6.920601,0,0.912037
6.920601,0,0.912442
6.953369,0,0.912844
7.012351,0,0.913242
7.012351,0,0.913636
7.032012,0,0.914027
7.032012,0,0.914414
7.051673,0,0.914798
7.051673,0,0.915179
7.051673,0,0.915556
7.051673,0,0.915929
7.051673,0,0.916300
7.051673,0,0.916667
7.104102,0,0.917031
7.117209,0,0.917391
7.117209,0,0.917749
7.149977,0,0.918103
7.149977,0,0.918455
7.897088,0,0.918803
7.897088,0,0.919149
7.923302,0,0.919492
7.923302,0,0.919831
7.975731,0,0.920168
8.015052,0,0.920502
8.015052,0,0.920833
8.395161,0,0.921162
8.395161,0,0.921488
8.395161,0,0.921811
8.421376,0,0.922131
8.421376,0,0.922449
8.441037,0,0.922764
8.441037,0,0.923077
8.460697,0,0.923387
8.460697,0,0.923695
8.460697,0,0.924000
8.486911,0,0.924303
8.532787,0,0.924603
8.532787,0,0.924901
8.572109,0,0.925197
8.624537,0,0.925490
8.624537,0,0.925781
8.624537,0,0.926070
8.624537,0,0.926357
8.624537,0,0.926641
8.624537,0,0.926923
8.631091,0,0.927203
8.631091,0,0.927481
8.631091,0,0.927757
8.631091,0,0.928030
8.631091,0,0.928302
8.676966,0,0.928571
8.703181,0,0.928839
8.729394,0,0.929105
8.742502,0,0.929368
8.749055,0,0.929630
8.775270,0,0.929889
8.794931,0,0.930147
8.801485,0,0.930403
8.801485,0,0.930657
8.801485,0,0.930909
8.834252,0,0.931159
8.834252,0,0.931408
8.860466,0,0.931655
8.860466,0,0.931900
8.860466,0,0.932143
8.860466,0,0.932384
8.880127,0,0.932624
8.899788,0,0.932862
8.906342,0,0.933099
8.906342,0,0.933333
8.906342,0,0.933566
8.912896,0,0.933798
8.932557,0,0.934028
8.939110,0,0.930796
8.939110,0,0.931035
8.991539,0,0.931271
8.991539,0,0.931507
9.043968,0,0.931741
9.050521,0,0.931973
9.070182,0,0.932203
9.070182,0,0.932432
9.070182,0,0.932660
9.070182,0,0.932886
9.122611,0,0.933110
9.122611,0,0.933333
9.135718,1,0.930233
9.188147,1,0.930464
9.234022,1,0.930693
9.247129,1,0.930921
9.247129,1,0.931148
9.266790,1,0.931373
9.286451,1,0.931596
9.286451,1,0.931818
9.345433,1,0.932039
9.384755,2,0.929032
9.391308,2,0.929260
9.391308,2,0.929487
9.450291,2,0.929712
9.509273,2,0.929936
9.509273,2,0.930159
9.509273,2,0.930380
9.614131,2,0.930599
9.823846,2,0.930818
9.823846,2,0.931035
9.843506,2,0.931250
9.843506,2,0.931464
9.889382,2,0.931677
9.935257,2,0.931889
9.935257,2,0.932099
9.961471,2,0.932308
10.040115,2,0.932515
10.066329,2,0.932722
10.105650,2,0.932927
10.131865,2,0.933131
10.184294,2,0.933333
10.184294,2,0.933535
10.190848,2,0.933735
10.190848,2,0.933934
10.203955,2,0.934132
10.203955,2,0.934328
10.262937,2,0.934524
10.269491,2,0.934718
10.302259,2,0.934911
10.302259,2,0.935103
10.649600,2,0.935294
10.649600,2,0.935484
10.662707,2,0.935673
10.662707,2,0.935860
10.715135,2,0.936047
10.747903,2,0.936232
10.747903,2,0.936416
11.186995,2,0.936599
11.245977,2,0.936782
11.265638,2,0.936963
11.311513,2,0.937143
11.331174,2,0.937322
11.331174,2,0.937500
11.344281,2,0.937677
11.344281,2,0.937853
11.357388,2,0.938028
11.390156,2,0.938202
11.396710,2,0.938375
11.422925,2,0.938547
11.429478,2,0.938719
11.429478,2,0.938889
11.442585,2,0.939058
11.449139,2,0.939227
11.475353,2,0.939394
11.488460,2,0.939560
11.508121,2,0.939726
11.527782,2,0.939891
11.553997,2,0.940054
11.580211,2,0.940217
11.593318,2,0.940379
11.612978,2,0.940541
11.645747,2,0.940701
11.658854,2,0.940860
11.678515,2,0.941019
11.678515,2,0.941176
11.678515,2,0.941333
11.691622,2,0.941489
11.711283,2,0.941645
11.711283,2,0.941799
11.711283,2,0.941953
11.724390,2,0.942105
11.744051,2,0.942257
11.757158,2,0.942408
11.770265,2,0.942559
11.789926,2,0.942708
11.809587,2,0.942857
11.809587,2,0.943005
11.809587,2,0.943152
11.835802,2,0.943299
11.855462,2,0.943445
11.875123,2,0.943590
11.907891,2,0.943734
11.920998,2,0.943878
11.966873,2,0.944020
11.986534,2,0.944162
12.006195,2,0.944304
12.025856,2,0.944444
12.038963,2,0.944584
12.058624,2,0.944724
12.084838,2,0.944862
12.104498,2,0.945000
12.117606,2,0.945137
12.137267,2,0.945274
12.150374,2,0.945409
12.150374,2,0.945545
12.150374,2,0.945679
12.156928,2,0.945813
12.183142,2,0.945946
12.209357,2,0.946078
12.209357,2,0.946210
12.209357,2,0.946341
12.268339,2,0.946472
12.288000,2,0.946602
12.314214,2,0.946731
12.314214,2,0.946860
12.340428,2,0.946988
12.340428,2,0.947115
12.379750,2,0.947242
12.425625,2,0.947368
12.425625,2,0.947494
12.432179,2,0.947619
12.523929,2,0.947743
12.523929,2,0.947867
12.523929,2,0.947991
12.523929,2,0.948113
12.523929,2,0.948235
12.530483,2,0.948357
12.530483,2,0.948478
12.530483,2,0.948598
12.530483,2,0.948718
12.530483,3,0.946512
12.530483,3,0.946636
12.530483,3,0.946759
12.530483,3,0.946882
12.530483,3,0.947005
12.530483,3,0.947126
12.628787,3,0.947248
12.635340,3,0.947368
12.635340,3,0.947489
12.641894,3,0.947608
12.641894,3,0.947727
12.641894,3,0.947846
12.700877,3,0.947964
12.740198,3,0.948081
12.740198,3,0.948198
12.740198,3,0.948315
12.799181,3,0.948430
12.799181,3,0.948546
12.845055,3,0.948661
12.845055,3,0.948775
12.845055,3,0.948889
12.845055,3,0.949002
12.969574,3,0.949115
12.969574,3,0.949227
12.982681,3,0.949339
12.982681,3,0.949451
12.989234,3,0.949561
12.989234,3,0.949672
13.028556,3,0.949782
13.028556,3,0.949891
13.028556,3,0.950000
13.028556,3,0.950108
13.080986,3,0.950216
13.080986,3,0.950324
13.094092,3,0.950431
13.139967,3,0.950538
13.172736,3,0.950644
13.185843,3,0.950749
13.185843,3,0.950855
13.434880,3,0.950960
13.434880,3,0.951064
13.461094,3,0.951168
13.461094,3,0.951271
13.500415,3,0.951374
13.539737,3,0.951477
13.539737,3,0.951579
13.631487,3,0.951681
13.644595,3,0.951782
13.644595,3,0.951883
13.644595,3,0.951983
13.690470,3,0.952083
13.749452,3,0.952183
14.077133,3,0.952282
14.077133,3,0.952381
14.077133,3,0.952479
14.077133,3,0.952577
14.096793,3,0.952675
14.103346,3,0.952772
14.109900,3,0.952869
14.109900,3,0.952965
14.116454,3,0.953061
14.136115,3,0.953157
14.136115,3,0.953252
14.162329,3,0.953347
14.175436,3,0.953441
14.214758,3,0.953535
14.214758,3,0.953629
14.313062,3,0.953722
14.358937,3,0.953815
14.411366,3,0.953908
14.411366,3,0.954000
14.411366,3,0.954092
14.496562,3,0.954183
14.496562,3,0.954274
14.516223,3,0.954365
14.516223,3,0.954455
14.535884,3,0.954545
14.535884,3,0.954635
14.535884,3,0.954724
14.562099,3,0.954813
14.562099,3,0.954902
14.568653,3,0.954990
14.575206,3,0.955078
14.614527,3,0.955166
14.614527,3,0.955253
14.647295,3,0.955340
14.902886,3,0.955426
15.007743,3,0.955513
15.007743,3,0.955598
15.020851,3,0.955684
15.020851,3,0.955769
15.060173,3,0.955854
15.066726,3,0.955939
15.112601,3,0.956023
15.112601,3,0.956107
15.296102,3,0.956190
15.368191,3,0.956274
15.368191,3,0.956357
15.387852,3,0.956439
15.387852,3,0.956522
15.427174,3,0.956604
15.479602,3,0.956685
15.479602,3,0.956767
15.840051,3,0.956848
15.840051,3,0.956929
15.846605,3,0.957009
15.872818,3,0.957090
15.872818,3,0.957169
15.892479,3,0.957249
15.892479,3,0.957328
15.892479,3,0.957407
15.931801,3,0.957486
15.931801,3,0.957565
15.931801,3,0.957643
15.931801,3,0.957721
15.951462,3,0.957798
15.951462,3,0.957875
15.951462,3,0.957952
15.977676,3,0.958029
15.977676,3,0.958106
15.977676,3,0.958182
15.990783,3,0.958258
15.990783,3,0.958333
16.056320,3,0.958409
16.102196,3,0.958484
16.102196,3,0.958559
16.102196,3,0.958633
16.102196,3,0.958707
16.102196,3,0.958781
16.102196,3,0.958855
16.108749,3,0.958929
16.108749,3,0.959002
16.108749,3,0.959075
16.108749,3,0.959147
16.108749,3,0.959220
16.226713,3,0.959292
16.279142,3,0.959364
16.279142,3,0.959436
16.279142,3,0.959507
16.285696,3,0.959578
0.000000,0,0.000000
0.000000,0,0.000000
0.026214,0,0.333333
0.026214,0,0.250000
0.078643,0,0.400000
0.117964,0,0.500000
0.117964,0,0.571429
0.530841,0,0.625000
0.530841,0,0.666667
0.550502,0,0.700000
0.550502,0,0.727273
0.602931,0,0.750000
0.648806,0,0.769231
0.648806,0,0.785714
0.910950,0,0.800000
0.910950,0,0.812500
0.930611,0,0.823529
0.930611,0,0.833333
0.983040,0,0.842105
1.028915,0,0.850000
1.028915,0,0.857143
1.330380,0,0.863636
1.330380,0,0.869565
1.343487,0,0.875000
1.343487,0,0.880000
1.395916,0,0.884615
1.441792,0,0.888889
1.441792,0,0.892857
1.723596,0,0.896552
1.723596,0,0.900000
1.736704,0,0.903226
1.736704,0,0.906250
1.769472,0,0.909091
1.769472,0,0.911765
1.769472,0,0.885714
1.802240,0,0.888889
1.808793,0,0.891892
1.808793,0,0.868421
1.808793,0,0.846154
1.841561,0,0.850000
1.841561,0,0.853659
1.887436,0,0.833333
1.939865,0,0.837209
1.939865,0,0.818182
1.946419,0,0.800000
1.946419,0,0.804348
1.946419,0,0.808511
1.946419,0,0.791667
=======
0.026214,0,0.166667
0.026214,0,0.125000
0.078643,0,0.200000
0.117964,0,0.250000
0.117964,0,0.285714
0.530841,0,0.312500
0.530841,0,0.333333
0.550502,0,0.350000
0.550502,0,0.363636
0.602931,0,0.375000
0.648806,0,0.384615
0.648806,0,0.392857
0.910950,0,0.400000
0.910950,0,0.406250
0.930611,0,0.411765
0.930611,0,0.416667
0.983040,0,0.421053
1.028915,0,0.425000
1.028915,0,0.428571
1.330380,0,0.431818
1.330380,0,0.434783
1.343487,0,0.437500
1.343487,0,0.440000
1.395916,0,0.442308
1.441792,0,0.444444
1.441792,0,0.446429
1.723596,0,0.448276
1.723596,0,0.450000
1.736704,0,0.451613
1.736704,0,0.453125
1.769472,0,0.454545
1.769472,0,0.455882
1.769472,0,0.442857
1.802240,0,0.444444
1.808793,0,0.445946
1.808793,0,0.447368
1.808793,1,0.435897
1.841561,1,0.437500
1.841561,1,0.439024
1.887436,1,0.440476
1.939865,1,0.441860
1.939865,1,0.443182
1.946419,2,0.433333
1.946419,2,0.434783
1.946419,2,0.436170
1.946419,3,0.427083
1.946419,4,0.418367
1.946419,4,0.420000
1.946419,4,0.421569
1.946419,5,0.413462
1.946419,5,0.415094
2.070937,6,0.407407
2.116812,6,0.409091
2.116812,7,0.401786
2.116812,8,0.394737
2.175795,8,0.396552
2.175795,8,0.398305
2.215116,8,0.400000
2.221670,8,0.401639
2.221670,8,0.403226
2.234777,8,0.404762
2.234777,9,0.398438
2.234777,10,0.392308
2.267545,10,0.393939
2.267545,10,0.395522
2.319974,10,0.397059
2.326528,11,0.391304
2.333081,11,0.392857
2.346188,11,0.394366
2.346188,11,0.395833
2.346188,12,0.390411
2.346188,13,0.385135
2.365849,13,0.386667
2.365849,13,0.388158
2.398617,14,0.383117
2.398617,14,0.384615
2.778726,14,0.386076
2.778726,14,0.387500
2.804940,14,0.388889
2.804940,14,0.390244
2.844262,14,0.391566
2.883584,14,0.392857
2.883584,14,0.394118
3.224371,14,0.395349
3.224371,14,0.396552
3.224371,15,0.392045
3.244031,15,0.393258
3.244031,15,0.394444
3.289907,15,0.395604
3.329228,15,0.396739
3.329228,15,0.397849
3.565158,16,0.393617
3.781427,16,0.394737
3.781427,16,0.395833
3.801088,16,0.396907
3.807641,16,0.397959
3.853516,16,0.398990
3.866624,16,0.400000
3.892838,16,0.400990
3.892838,16,0.401961
4.141875,16,0.402913
4.141875,16,0.403846
4.181196,16,0.404762
4.187750,16,0.405660
4.233625,16,0.406542
4.272947,16,0.407407
4.272947,16,0.408257
4.731699,16,0.409091
4.744806,16,0.409910
4.744806,16,0.410714
4.757913,16,0.411504
4.764467,16,0.412281
4.764467,16,0.413043
4.810342,16,0.413793
4.849664,16,0.414530
4.849664,16,0.415254
5.052825,16,0.415966
5.151129,16,0.416667
5.151129,16,0.417355
5.170790,16,0.418033
5.177343,16,0.418699
5.223219,16,0.419355
5.262540,16,0.420000
5.262540,16,0.420635
5.380505,16,0.421260
5.603328,16,0.421875
5.603328,16,0.422481
5.622988,16,0.423077
5.622988,16,0.423664
5.668864,16,0.424242
5.714739,16,0.424812
5.714739,16,0.425373
5.714739,16,0.425926
5.839257,16,0.426471
5.839257,16,0.427007
5.839257,17,0.423913
5.878579,17,0.424460
5.878579,17,0.425000
5.878579,18,0.421986
5.970329,19,0.419014
6.009651,19,0.419580
6.009651,19,0.420139
6.009651,20,0.417241
6.009651,20,0.417808
6.009651,20,0.418367
6.009651,21,0.415541
6.009651,22,0.412752
6.016204,22,0.413333
6.016204,22,0.413907
6.016204,23,0.411184
6.022758,23,0.411765
6.042419,23,0.412338
6.042419,23,0.412903
6.062079,23,0.413462
6.062079,23,0.414013
6.114508,23,0.414557
6.121062,24,0.411950
6.166937,24,0.412500
6.166937,24,0.413043
6.186598,24,0.413580
6.186598,25,0.411043
6.186598,26,0.408537
6.245580,26,0.409091
6.245580,26,0.409639
6.271795,26,0.410180
6.278348,26,0.410714
6.278348,27,0.408284
6.278348,28,0.405882
6.284902,29,0.403509
6.291456,29,0.404070
6.291456,29,0.404624
6.291456,30,0.402299
6.356992,30,0.402857
6.356992,30,0.403409
6.363545,30,0.403955
6.363545,31,0.401685
6.383206,32,0.399441
6.383206,32,0.400000
6.402867,32,0.400552
6.402867,32,0.401099
6.409420,33,0.398907
6.409420,34,0.396739
6.409420,34,0.397297
6.455296,35,0.395161
6.455296,35,0.395722
6.455296,35,0.396277
6.527385,35,0.396825
6.527385,35,0.397368
6.566707,35,0.397906
6.566707,35,0.398438
6.586368,36,0.396373
6.606029,36,0.396907
6.651904,36,0.397436
6.651904,36,0.397959
6.658457,36,0.398477
6.658457,36,0.398990
6.658457,37,0.396985
6.658457,38,0.395000
6.658457,39,0.393035
6.658457,39,0.393564
6.658457,39,0.394089
6.658457,40,0.392157
6.658457,40,0.392683
6.737100,40,0.393204
6.737100,40,0.393720
6.782976,41,0.391827
6.822297,41,0.392345
6.822297,41,0.392857
6.822297,42,0.390995
6.887833,42,0.391509
6.887833,42,0.392019
6.920601,42,0.392523
6.920601,42,0.393023
6.920601,43,0.391204
6.920601,44,0.389401
6.953369,45,0.387615
7.012351,45,0.388128
7.012351,45,0.388636
7.032012,46,0.386878
7.032012,46,0.387387
7.051673,46,0.387892
7.051673,46,0.388393
7.051673,46,0.388889
7.051673,46,0.389381
7.051673,47,0.387665
7.051673,48,0.385965
7.104102,48,0.386463
7.117209,49,0.384783
7.117209,49,0.385281
7.149977,49,0.385776
7.149977,49,0.386266
7.897088,49,0.386752
7.897088,49,0.387234
7.923302,49,0.387712
7.923302,49,0.388186
7.975731,49,0.388655
8.015052,49,0.389121
8.015052,49,0.389583
8.395161,49,0.390042
8.395161,49,0.390496
8.395161,50,0.388889
8.421376,50,0.389344
8.421376,50,0.389796
8.441037,50,0.390244
8.441037,50,0.390688
8.460697,50,0.391129
8.460697,50,0.391566
8.460697,51,0.390000
8.486911,51,0.390438
8.532787,51,0.390873
8.532787,51,0.391304
8.572109,52,0.389764
8.624537,52,0.390196
8.624537,52,0.390625
8.624537,53,0.389105
8.624537,53,0.389535
8.624537,53,0.389961
8.624537,54,0.388462
8.631091,55,0.386973
8.631091,55,0.387405
8.631091,55,0.387833
8.631091,56,0.386364
8.631091,56,0.386792
8.676966,57,0.385338
8.703181,58,0.383895
8.729394,58,0.384328
8.742502,59,0.382900
8.749055,59,0.383333
8.775270,59,0.383764
8.794931,59,0.384191
8.801485,59,0.384615
8.801485,60,0.383212
8.801485,61,0.381818
8.834252,61,0.382246
8.834252,61,0.382671
8.860466,61,0.383094
8.860466,61,0.383513
8.860466,61,0.383929
8.860466,61,0.384342
8.880127,62,0.382979
8.899788,62,0.383392
8.906342,62,0.383803
8.906342,63,0.382456
8.906342,64,0.381119
8.912896,65,0.379791
8.932557,65,0.380208
8.939110,66,0.378893
8.939110,67,0.377586
8.991539,67,0.378007
8.991539,67,0.378425
9.043968,68,0.377133
9.050521,68,0.377551
9.070182,68,0.377966
9.070182,68,0.378378
9.070182,69,0.377104
9.070182,69,0.377517
9.122611,70,0.376254
9.122611,70,0.376667
9.135718,70,0.377076
9.188147,70,0.377483
9.234022,71,0.376238
9.247129,71,0.376645
9.247129,71,0.377049
9.266790,72,0.375817
9.286451,72,0.376222
9.286451,72,0.376623
9.345433,72,0.377023
9.384755,73,0.375806
9.391308,73,0.376206
9.391308,73,0.376603
9.450291,74,0.375399
9.509273,74,0.375796
9.509273,74,0.376190
9.509273,74,0.376582
9.614131,75,0.375394
9.823846,75,0.375786
9.823846,75,0.376176
9.843506,75,0.376563
9.843506,75,0.376947
9.889382,75,0.377329
9.935257,75,0.377709
9.935257,75,0.378086
9.961471,76,0.376923
10.040115,76,0.377301
10.066329,76,0.377676
10.105650,76,0.378049
10.131865,77,0.376900
10.184294,77,0.377273
10.184294,77,0.377643
10.190848,78,0.376506
10.190848,78,0.376877
10.203955,78,0.377246
10.203955,78,0.377612
10.262937,79,0.376488
10.269491,79,0.376855
10.302259,79,0.377219
10.302259,79,0.377581
10.649600,79,0.377941
10.649600,79,0.378299
10.662707,79,0.378655
10.662707,79,0.379009
10.715135,79,0.379360
10.747903,79,0.379710
10.747903,79,0.380058
11.186995,79,0.380403
11.245977,79,0.380747
11.265638,79,0.381089
11.311513,79,0.381429
11.331174,79,0.381766
11.331174,79,0.382102
11.344281,79,0.382436
11.344281,79,0.382768
11.357388,79,0.383099
11.390156,79,0.383427
11.396710,79,0.383754
11.422925,79,0.384078
11.429478,79,0.384401
11.429478,79,0.384722
11.442585,79,0.385042
11.449139,79,0.385359
11.475353,79,0.385675
11.488460,79,0.385989
11.508121,79,0.386301
11.527782,79,0.386612
11.553997,79,0.386921
11.580211,79,0.387228
11.593318,79,0.387534
11.612978,79,0.387838
11.645747,79,0.388140
11.658854,79,0.388441
11.678515,79,0.388740
11.678515,79,0.389037
11.678515,79,0.389333
11.691622,79,0.389628
11.711283,79,0.389920
11.711283,79,0.390212
11.711283,79,0.390501
11.724390,79,0.390789
11.744051,79,0.391076
11.757158,79,0.391361
11.770265,79,0.391645
11.789926,79,0.391927
11.809587,79,0.392208
11.809587,79,0.392487
11.809587,79,0.392765
11.835802,79,0.393041
11.855462,79,0.393316
11.875123,79,0.393590
11.907891,79,0.393862
11.920998,79,0.394133
11.966873,79,0.394402
11.986534,79,0.394670
12.006195,79,0.394937
12.025856,79,0.395202
12.038963,79,0.395466
12.058624,79,0.395729
12.084838,79,0.395990
12.104498,79,0.396250
12.117606,79,0.396509
12.137267,79,0.396766
12.150374,79,0.397022
12.150374,79,0.397277
12.150374,79,0.397531
12.156928,79,0.397783
12.183142,79,0.398034
12.209357,79,0.398284
12.209357,79,0.398533
12.209357,80,0.397561
12.268339,81,0.396594
12.288000,81,0.396845
12.314214,81,0.397094
12.314214,81,0.397343
12.340428,81,0.397590
12.340428,81,0.397837
12.379750,81,0.398082
12.425625,81,0.398325
12.425625,81,0.398568
12.432179,81,0.398810
12.523929,81,0.399050
12.523929,81,0.399289
12.523929,82,0.398345
12.523929,82,0.398585
12.523929,82,0.398824
12.530483,83,0.397887
12.530483,83,0.398126
12.530483,84,0.397196
12.530483,85,0.396270
12.530483,86,0.395349
12.530483,87,0.394432
12.530483,87,0.394676
12.530483,87,0.394919
12.530483,87,0.395161
12.530483,87,0.395402
12.628787,88,0.394495
12.635340,88,0.394737
12.635340,88,0.394977
12.641894,88,0.395216
12.641894,89,0.394318
12.641894,90,0.393424
12.700877,91,0.392534
12.740198,91,0.392777
12.740198,91,0.393018
12.740198,92,0.392135
12.799181,92,0.392377
12.799181,92,0.392617
12.845055,92,0.392857
12.845055,92,0.393096
12.845055,92,0.393333
12.845055,93,0.392461
12.969574,94,0.391593
12.969574,94,0.391832
12.982681,94,0.392070
12.982681,94,0.392308
12.989234,95,0.391447
12.989234,96,0.390591
13.028556,96,0.390830
13.028556,97,0.389978
13.028556,97,0.390217
13.028556,97,0.390456
13.080986,97,0.390693
13.080986,97,0.390929
13.094092,98,0.390086
13.139967,98,0.390323
13.172736,99,0.389485
13.185843,99,0.389722
13.185843,99,0.389957
13.434880,99,0.390192
13.434880,99,0.390426
13.461094,99,0.390658
13.461094,99,0.390890
13.500415,99,0.391120
13.539737,99,0.391350
13.539737,99,0.391579
13.631487,100,0.390756
13.644595,100,0.390985
13.644595,101,0.390167
13.644595,101,0.390397
13.690470,102,0.389583
13.749452,102,0.389813
14.077133,102,0.390042
14.077133,103,0.389234
14.077133,103,0.389463
14.077133,104,0.388660
14.096793,104,0.388889
14.103346,104,0.389117
14.109900,104,0.389344
14.109900,105,0.388548
14.116454,106,0.387755
14.136115,106,0.387984
14.136115,106,0.388211
14.162329,107,0.387424
14.175436,107,0.387652
14.214758,107,0.387879
14.214758,107,0.388105
14.313062,107,0.388330
14.358937,108,0.387550
14.411366,108,0.387776
14.411366,108,0.388000
14.411366,108,0.388224
14.496562,108,0.388446
14.496562,108,0.388668
14.516223,108,0.388889
14.516223,108,0.389109
14.535884,108,0.389328
14.535884,108,0.389546
14.535884,108,0.389764
14.562099,108,0.389980
14.562099,109,0.389216
14.568653,109,0.389432
14.575206,109,0.389648
14.614527,109,0.389864
14.614527,109,0.390078
14.647295,110,0.389320
14.902886,110,0.389535
15.007743,110,0.389749
15.007743,110,0.389961
15.020851,110,0.390173
15.020851,110,0.390385
15.060173,110,0.390595
15.066726,110,0.390805
15.112601,110,0.391013
15.112601,110,0.391221
15.296102,110,0.391429
15.368191,110,0.391635
15.368191,110,0.391841
15.387852,110,0.392045
15.387852,110,0.392250
15.427174,110,0.392453
15.479602,110,0.392655
15.479602,110,0.392857
15.840051,110,0.393058
15.840051,110,0.393258
15.846605,110,0.393458
15.872818,110,0.393657
15.872818,110,0.393855
15.892479,110,0.394052
15.892479,110,0.394249
15.892479,111,0.393519
15.931801,111,0.393715
15.931801,111,0.393911
15.931801,111,0.394107
15.931801,112,0.393382
15.951462,112,0.393578
15.951462,112,0.393773
15.951462,113,0.393053
15.977676,113,0.393248
15.977676,113,0.393443
15.977676,114,0.392727
15.990783,114,0.392922
15.990783,114,0.393116
16.056320,115,0.392405
16.102196,115,0.392599
16.102196,115,0.392793
16.102196,116,0.392086
16.102196,116,0.392280
16.102196,116,0.392473
16.102196,117,0.391771
16.108749,118,0.391071
16.108749,118,0.391266
16.108749,118,0.391459
16.108749,119,0.390764
16.108749,119,0.390957
16.226713,120,0.390265
16.279142,120,0.390459
16.279142,121,0.389771
16.279142,122,0.389085
16.285696,123,0.388401
0.000000,0,0.000000
0.000000,0,0.000000
0.026214,0,0.166667
0.026214,0,0.125000
0.078643,0,0.200000
0.117964,0,0.250000
0.117964,0,0.285714
0.530841,0,0.312500
0.530841,0,0.333333
0.550502,0,0.350000
0.550502,0,0.363636
0.602931,0,0.375000
0.648806,0,0.384615
0.648806,0,0.392857
0.910950,0,0.400000
0.910950,0,0.406250
0.930611,0,0.411765
0.930611,0,0.416667
0.983040,0,0.421053
1.028915,0,0.425000
1.028915,0,0.428571
1.330380,0,0.431818
1.330380,0,0.434783
1.343487,0,0.437500
1.343487,0,0.440000
1.395916,0,0.442308
1.441792,0,0.444444
1.441792,0,0.446429
1.723596,0,0.448276
1.723596,0,0.450000
1.736704,0,0.451613
1.736704,0,0.453125
1.769472,0,0.454545
1.769472,0,0.455882
1.769472,0,0.442857
1.802240,0,0.444444
1.808793,0,0.445946
1.808793,0,0.447368
1.808793,1,0.435897
1.841561,1,0.437500
1.841561,1,0.439024
1.887436,1,0.440476
1.939865,1,0.441860
1.939865,1,0.443182
1.946419,2,0.433333
1.946419,2,0.434783
1.946419,2,0.436170
1.946419,3,0.427083
1.946419,4,0.418367
1.946419,4,0.420000
1.946419,4,0.421569
1.946419,5,0.413462
1.946419,5,0.415094
2.070937,6,0.407407
2.116812,6,0.409091
2.116812,7,0.401786
2.116812,8,0.394737
2.175795,8,0.396552
2.175795,8,0.398305
2.215116,8,0.400000
2.221670,8,0.401639
2.221670,8,0.403226
2.234777,8,0.404762
2.234777,9,0.398438
2.234777,10,0.392308
2.267545,10,0.393939
2.267545,10,0.395522
2.319974,10,0.397059
2.326528,11,0.391304
2.333081,11,0.392857
2.346188,11,0.394366
2.346188,11,0.395833
2.346188,12,0.390411
2.346188,13,0.385135
2.365849,13,0.386667
2.365849,13,0.388158
2.398617,14,0.383117
2.398617,14,0.384615
2.778726,14,0.386076
2.778726,14,0.387500
2.804940,14,0.388889
2.804940,14,0.390244
2.844262,14,0.391566
2.883584,14,0.392857
2.883584,14,0.394118
3.224371,14,0.395349
3.224371,14,0.396552
3.224371,15,0.392045
3.244031,15,0.393258
3.244031,15,0.394444
3.289907,15,0.395604
3.329228,15,0.396739
3.329228,15,0.397849
3.565158,16,0.393617
3.781427,16,0.394737
3.781427,16,0.395833
3.801088,16,0.396907
3.807641,16,0.397959
3.853516,16,0.398990
3.866624,16,0.400000
3.892838,16,0.400990
3.892838,16,0.401961
4.141875,16,0.402913
4.141875,16,0.403846
4.181196,16,0.404762
4.187750,16,0.405660
4.233625,16,0.406542
4.272947,16,0.407407
4.272947,16,0.408257
4.731699,16,0.409091
4.744806,16,0.409910
4.744806,16,0.410714
4.757913,16,0.411504
4.764467,16,0.412281
4.764467,16,0.413043
4.810342,16,0.413793
4.849664,16,0.414530
4.849664,16,0.415254
5.052825,16,0.415966
5.151129,16,0.416667
5.151129,16,0.417355
5.170790,16,0.418033
5.177343,16,0.418699
5.223219,16,0.419355
5.262540,16,0.420000
5.262540,16,0.420635
5.380505,16,0.421260
5.603328,16,0.421875
5.603328,16,0.422481
5.622988,16,0.423077
5.622988,16,0.423664
5.668864,16,0.424242
5.714739,16,0.424812
5.714739,16,0.425373
5.714739,16,0.425926
5.839257,16,0.426471
5.839257,16,0.427007
5.839257,17,0.423913
5.878579,17,0.424460
5.878579,17,0.425000
5.878579,18,0.421986
5.970329,19,0.419014
6.009651,19,0.419580
6.009651,19,0.420139
6.009651,20,0.417241
6.009651,20,0.417808
6.009651,20,0.418367
6.009651,21,0.415541
6.009651,22,0.412752
6.016204,22,0.413333
6.016204,22,0.413907
6.016204,23,0.411184
6.022758,23,0.411765
6.042419,23,0.412338
6.042419,23,0.412903
6.062079,23,0.413462
6.062079,23,0.414013
6.114508,23,0.414557
6.121062,24,0.411950
6.166937,24,0.412500
6.166937,24,0.413043
6.186598,24,0.413580
6.186598,25,0.411043
6.186598,26,0.408537
6.245580,26,0.409091
6.245580,26,0.409639
6.271795,26,0.410180
6.278348,26,0.410714
6.278348,27,0.408284
6.278348,28,0.405882
6.284902,29,0.403509
6.291456,29,0.404070
6.291456,29,0.404624
6.291456,30,0.402299
6.356992,30,0.402857
6.356992,30,0.403409
6.363545,30,0.403955
6.363545,31,0.401685
6.383206,32,0.399441
6.383206,32,0.400000
6.402867,32,0.400552
6.402867,32,0.401099
6.409420,33,0.398907
6.409420,34,0.396739
6.409420,34,0.397297
6.455296,35,0.395161
6.455296,35,0.395722
6.455296,35,0.396277
6.527385,35,0.396825
6.527385,35,0.397368
6.566707,35,0.397906
6.566707,35,0.398438
6.586368,36,0.396373
6.606029,36,0.396907
6.651904,36,0.397436
6.651904,36,0.397959
6.658457,36,0.398477
6.658457,36,0.398990
6.658457,37,0.396985
6.658457,38,0.395000
6.658457,39,0.393035
6.658457,39,0.393564
6.658457,39,0.394089
6.658457,40,0.392157
6.658457,40,0.392683
6.737100,40,0.393204
6.737100,40,0.393720
6.782976,41,0.391827
6.822297,41,0.392345
6.822297,41,0.392857
6.822297,42,0.390995
6.887833,42,0.391509
6.887833,42,0.392019
6.920601,42,0.392523
6.920601,42,0.393023
6.920601,43,0.391204
6.920601,44,0.389401
6.953369,45,0.387615
7.012351,45,0.388128
7.012351,45,0.388636
7.032012,46,0.386878
7.032012,46,0.387387
7.051673,46,0.387892
7.051673,46,0.388393
7.051673,46,0.388889
7.051673,46,0.389381
7.051673,47,0.387665
7.051673,48,0.385965
7.104102,48,0.386463
7.117209,49,0.384783
7.117209,49,0.385281
7.149977,49,0.385776
7.149977,49,0.386266
7.897088,49,0.386752
7.897088,49,0.387234
7.923302,49,0.387712
7.923302,49,0.388186
7.975731,49,0.388655
8.015052,49,0.389121
8.015052,49,0.389583
8.395161,49,0.390042
8.395161,49,0.390496
8.395161,50,0.388889
8.421376,50,0.389344
8.421376,50,0.389796
8.441037,50,0.390244
8.441037,50,0.390688
8.460697,50,0.391129
8.460697,50,0.391566
8.460697,51,0.390000
8.486911,51,0.390438
8.532787,51,0.390873
8.532787,51,0.391304
8.572109,52,0.389764
8.624537,52,0.390196
8.624537,52,0.390625
8.624537,53,0.389105
8.624537,53,0.389535
8.624537,53,0.389961
8.624537,54,0.388462
8.631091,55,0.386973
8.631091,55,0.387405
8.631091,55,0.387833
8.631091,56,0.386364
8.631091,56,0.386792
8.676966,57,0.385338
8.703181,58,0.383895
8.729394,58,0.384328
8.742502,59,0.382900
8.749055,59,0.383333
8.775270,59,0.383764
8.794931,59,0.384191
8.801485,59,0.384615
8.801485,60,0.383212
8.801485,61,0.381818
8.834252,61,0.382246
8.834252,61,0.382671
8.860466,61,0.383094
8.860466,61,0.383513
8.860466,61,0.383929
8.860466,61,0.384342
8.880127,62,0.382979
8.899788,62,0.383392
8.906342,62,0.383803
8.906342,63,0.382456
8.906342,64,0.381119
8.912896,65,0.379791
8.932557,65,0.380208
8.939110,66,0.378893
8.939110,67,0.377586
8.991539,67,0.378007
8.991539,67,0.378425
9.043968,68,0.377133
9.050521,68,0.377551
9.070182,68,0.377966
9.070182,68,0.378378
9.070182,69,0.377104
9.070182,69,0.377517
9.122611,70,0.376254
9.122611,70,0.376667
9.135718,70,0.377076
9.188147,70,0.377483
9.234022,71,0.376238
9.247129,71,0.376645
9.247129,71,0.377049
9.266790,72,0.375817
9.286451,72,0.376222
9.286451,72,0.376623
9.345433,72,0.377023
9.384755,73,0.375806
9.391308,73,0.376206
9.391308,73,0.376603
9.450291,74,0.375399
9.509273,74,0.375796
9.509273,74,0.376190
9.509273,74,0.376582
9.614131,75,0.375394
9.823846,75,0.375786
9.823846,75,0.376176
9.843506,75,0.376563
9.843506,75,0.376947
9.889382,75,0.377329
9.935257,75,0.377709
9.935257,75,0.378086
9.961471,76,0.376923
10.040115,76,0.377301
10.066329,76,0.377676
10.105650,76,0.378049
10.131865,77,0.376900
10.184294,77,0.377273
10.184294,77,0.377643
10.190848,78,0.376506
10.190848,78,0.376877
10.203955,78,0.377246
10.203955,78,0.377612
10.262937,79,0.376488
10.269491,79,0.376855
10.302259,79,0.377219
10.302259,79,0.377581
10.649600,79,0.377941
10.649600,79,0.378299
10.662707,79,0.378655
10.662707,79,0.379009
10.715135,79,0.379360
10.747903,79,0.379710
10.747903,79,0.380058
11.186995,79,0.380403
11.245977,79,0.380747
11.265638,79,0.381089
11.311513,79,0.381429
11.331174,79,0.381766
11.331174,79,0.382102
11.344281,79,0.382436
11.344281,79,0.382768
11.357388,79,0.383099
11.390156,79,0.383427
11.396710,79,0.383754
11.422925,79,0.384078
11.429478,79,0.384401
11.429478,79,0.384722
11.442585,79,0.385042
11.449139,79,0.385359
11.475353,79,0.385675
11.488460,79,0.385989
11.508121,79,0.386301
11.527782,79,0.386612
11.553997,79,0.386921
11.580211,79,0.387228
11.593318,79,0.387534
11.612978,79,0.387838
11.645747,79,0.388140
11.658854,79,0.388441
11.678515,79,0.388740
11.678515,79,0.389037
11.678515,79,0.389333
11.691622,79,0.389628
11.711283,79,0.389920
11.711283,79,0.390212
11.711283,79,0.390501
11.724390,79,0.390789
11.744051,79,0.391076
11.757158,79,0.391361
11.770265,79,0.391645
11.789926,79,0.391927
11.809587,79,0.392208
11.809587,79,0.392487
11.809587,79,0.392765
11.835802,79,0.393041
11.855462,79,0.393316
11.875123,79,0.393590
11.907891,79,0.393862
11.920998,79,0.394133
11.966873,79,0.394402
11.986534,79,0.394670
12.006195,79,0.394937
12.025856,79,0.395202
12.038963,79,0.395466
12.058624,79,0.395729
12.084838,79,0.395990
12.104498,79,0.396250
12.117606,79,0.396509
12.137267,79,0.396766
12.150374,79,0.397022
12.150374,79,0.397277
12.150374,79,0.397531
12.156928,79,0.397783
12.183142,79,0.398034
12.209357,79,0.398284
12.209357,79,0.398533
12.209357,80,0.397561
12.268339,81,0.396594
12.288000,81,0.396845
12.314214,81,0.397094
12.314214,81,0.397343
12.340428,81,0.397590
12.340428,81,0.397837
12.379750,81,0.398082
12.425625,81,0.398325
12.425625,81,0.398568
12.432179,81,0.398810
12.523929,81,0.399050
12.523929,81,0.399289
12.523929,82,0.398345
12.523929,82,0.398585
12.523929,82,0.398824
12.530483,83,0.397887
12.530483,83,0.398126
12.530483,84,0.397196
12.530483,85,0.396270
12.530483,86,0.395349
12.530483,87,0.394432
12.530483,87,0.394676
12.530483,87,0.394919
12.530483,87,0.395161
12.530483,87,0.395402
12.628787,88,0.394495
12.635340,88,0.394737
12.635340,88,0.394977
12.641894,88,0.395216
12.641894,89,0.394318
12.641894,90,0.393424
12.700877,91,0.392534
12.740198,91,0.392777
12.740198,91,0.393018
12.740198,92,0.392135
12.799181,92,0.392377
12.799181,92,0.392617
12.845055,92,0.392857
12.845055,92,0.393096
12.845055,92,0.393333
12.845055,93,0.392461
12.969574,94,0.391593
12.969574,94,0.391832
12.982681,94,0.392070
12.982681,94,0.392308
12.989234,95,0.391447
12.989234,96,0.390591
13.028556,96,0.390830
13.028556,97,0.389978
13.028556,97,0.390217
13.028556,97,0.390456
13.080986,97,0.390693
13.080986,97,0.390929
13.094092,98,0.390086
13.139967,98,0.390323
13.172736,99,0.389485
13.185843,99,0.389722
13.185843,99,0.389957
13.434880,99,0.390192
13.434880,99,0.390426
13.461094,99,0.390658
13.461094,99,0.390890
13.500415,99,0.391120
13.539737,99,0.391350
13.539737,99,0.391579
13.631487,100,0.390756
13.644595,100,0.390985
13.644595,101,0.390167
13.644595,101,0.390397
13.690470,102,0.389583
13.749452,102,0.389813
14.077133,102,0.390042
14.077133,103,0.389234
14.077133,103,0.389463
14.077133,104,0.388660
14.096793,104,0.388889
14.103346,104,0.389117
14.109900,104,0.389344
14.109900,105,0.388548
14.116454,106,0.387755
14.136115,106,0.387984
14.136115,106,0.388211
14.162329,107,0.387424
14.175436,107,0.387652
14.214758,107,0.387879
14.214758,107,0.388105
14.313062,107,0.388330
14.358937,108,0.387550
14.411366,108,0.387776
14.411366,108,0.388000
14.411366,108,0.388224
14.496562,108,0.388446
14.496562,108,0.388668
14.516223,108,0.388889
14.516223,108,0.389109
14.535884,108,0.389328
14.535884,108,0.389546
14.535884,108,0.389764
14.562099,108,0.389980
14.562099,109,0.389216
14.568653,109,0.389432
14.575206,109,0.389648
14.614527,109,0.389864
14.614527,109,0.390078
14.647295,110,0.389320
14.902886,110,0.389535
15.007743,110,0.389749
15.007743,110,0.389961
15.020851,110,0.390173
15.020851,110,0.390385
15.060173,110,0.390595
15.066726,110,0.390805
15.112601,110,0.391013
15.112601,110,0.391221
15.296102,110,0.391429
15.368191,110,0.391635
15.368191,110,0.391841
15.387852,110,0.392045
15.387852,110,0.392250
15.427174,110,0.392453
15.479602,110,0.392655
15.479602,110,0.392857
15.840051,110,0.393058
15.840051,110,0.393258
15.846605,110,0.393458
15.872818,110,0.393657
15.872818,110,0.393855
15.892479,110,0.394052
15.892479,110,0.394249
15.892479,111,0.393519
15.931801,111,0.393715
15.931801,111,0.393911
15.931801,111,0.394107
15.931801,112,0.393382
15.951462,112,0.393578
15.951462,112,0.393773
15.951462,113,0.393053
15.977676,113,0.393248
15.977676,113,0.393443
15.977676,114,0.392727
15.990783,114,0.392922
15.990783,114,0.393116
16.056320,115,0.392405
16.102196,115,0.392599
16.102196,115,0.392793
16.102196,116,0.392086
16.102196,116,0.392280
16.102196,116,0.392473
16.102196,117,0.391771
16.108749,118,0.391071
16.108749,118,0.391266
16.108749,118,0.391459
16.108749,119,0.390764
16.108749,119,0.390957
16.226713,120,0.390265
16.279142,120,0.390459
16.279142,121,0.389771
16.279142,122,0.389085
16.285696,123,0.388401
>>>>>>> 563940ef29453d53d6e47c94610612f58658deac
